customer_name,customer_id
David Padilla,1
Connor Morgan,2
Robert Stone,3
John Fields,4
Clayton Smith,5
Richard Kelley,6
Jacqueline Hubbard,7
Jessica Anderson,8
Mary Taylor,9
Walter Crawford,10
Lawrence Robinson,11
Douglas Pennington,12
Ricardo Andrews,13
Paul Raymond,14
Karen Johnson,15
Juan Erickson,16
Alexander Reed,17
Jacqueline Harris,18
Tyler Park,19
Richard Wolfe,20
Sierra Rios,21
Jessica Richardson,22
Kimberly Warren,23
Casey Garcia,24
Denise Hampton,25
Justin Rodriguez,26
Ms. Emily Baxter,27
Austin White,28
Morgan Montes,29
Christine Mosley,30
Ashley Rodriguez,31
Elizabeth King,32
Connie Holmes,33
Melissa Peck,34
David Smith,35
Heather Jenkins,36
Kelsey Castaneda,37
Katherine Harris,38
Paul Rogers,39
Jon Banks,40
Michelle Williams,41
Andrew Allen,42
Vanessa Bauer,43
Sean Smith,44
Shelly Sweeney,45
Emily Gill,46
Brian Patrick,47
Dr. Sarah Booth,48
Douglas Mcfarland,49
Kayla Ross,50
Marc Strickland,51
Charlene Brown,52
Charles Smith,53
Karen Townsend,54
Steven Cox,55
Cynthia Rodriguez,56
Jessica Baker,57
Mark Blackburn,58
Zachary Perez,59
Brian Green,60
Becky Leach,61
Bryan Russell,62
Tony Maddox,63
Jason Randolph,64
Laura Andrews,65
Mrs. Stephanie Hooper,66
Anthony Evans,67
Patrick Williams,68
Susan Burke,69
Brent Hernandez,70
Sean Elliott,71
Wanda West,72
Renee Solomon,73
Daryl Miles,74
Michael Hunt,75
Adam Clark,76
Amy Olsen,77
Stacey Miller,78
Daniel Mosley,79
Monica Gibson,80
Christopher Jordan,81
Christina Davis,82
Claudia Curry,83
Brandon Anderson,84
George Foster,85
Nicholas Anderson,86
Emily Ellison,87
Darren Perez,88
Michelle Hunter,89
Janet Guerrero,90
Jeffrey Kline,91
Ryan Bullock,92
Tom Lawson,93
Rebecca Smith,94
William Welch,95
Mr. Curtis Bailey,96
Janet Carlson,97
Spencer Spears,98
Jeffrey Middleton,99
Veronica Kelley,100
Leslie Bean,101
Amy Wilson,102
Susan Ramirez,103
Jacob Meyer,104
Scott Lewis,105
Eric Griffith,106
Anna Ferguson,107
David Figueroa,108
Theresa Medina,109
Mary Smith,110
Lance Cain,111
Alexandra Moran,112
Sara Castro,113
Shawn Leach,114
Mark Boyle,115
John Stevens,116
Lisa Graham,117
Nancy Jones,118
Darryl Robbins,119
Kimberly Smith,120
Maria Thomas,121
Nicholas Johnson,122
Dawn Howard,123
Jennifer Marshall,124
Frank Garcia,125
Terri Madden,126
James Gutierrez,127
Morgan Sellers,128
Caitlin Thomas,129
Kimberly Greene,130
Tammy Anthony,131
Jennifer Chase,132
Cassandra Farley,133
Justin Vasquez,134
Melissa Morales,135
Tyler Thompson,136
Heidi Davis,137
Charles Lane,138
Joyce Good MD,139
Maria Miller,140
Terry Mcdaniel,141
Lisa Jacobs,142
Jeff Duncan,143
Pamela Jones,144
Renee Robinson,145
Jessica Kidd,146
Nicholas Martin,147
David Brown,148
Amber Moore,149
James Williams,150
Karina Barr,151
Meghan Rush,152
Bianca Brown,153
Timothy Jensen,154
Melinda Montoya,155
Tammy Bell,156
Connie Richards,157
Peter Ward,158
Jonathan Alvarez,159
Becky Hodges,160
Larry Hill,161
Amber Moon,162
Cynthia Wilcox,163
Rebecca Wright,164
Sarah Flores,165
Carol Norman,166
Stephanie Gardner,167
Philip Baker,168
Randall Dennis,169
Suzanne Cross,170
Jasmine Delgado,171
Kristen Harper,172
Kaitlyn Graham MD,173
Dean Avila,174
Megan Mack,175
Heather Johnson,176
Tina Davies,177
Matthew Harris,178
Christopher Kirk,179
Eric Stevens,180
James Dickerson,181
James Jones,182
Hannah Hendricks,183
Brett Mullins,184
Ms. Kim Jordan,185
Marcus Santiago,186
Jill Perez,187
Courtney Williams,188
Jordan Hahn,189
William Cook,190
Stephanie Hayes,191
Melissa Wise,192
Elizabeth Gonzalez,193
Mr. Eric Lopez,194
Benjamin Higgins,195
Brett Sutton,196
Anna Blackburn,197
Michelle Bailey,198
Sara Peterson,199
Katherine Williams,200
Cory Evans,201
Michael Rodriguez,202
John Munoz,203
David Clark,204
April Welch,205
Alan Livingston,206
Angela Jackson,207
Amy Williams,208
Laura Jordan,209
Richard Maynard,210
Lawrence Oliver,211
Anthony Williams,212
Lynn Matthews,213
Andrew Griffin,214
Megan Williams,215
Alison Martin,216
Samuel Wallace,217
Manuel Stark,218
William Villarreal,219
Brandon Kirk,220
Abigail Brown,221
Kristine Carter,222
Wesley Deleon,223
Laura Cole,224
Lauren Harris,225
Cameron Miller,226
Jacob Carpenter,227
Pamela Callahan DVM,228
William Ruiz,229
Paula Marshall,230
Natalie Cox,231
Andrew Fernandez,232
Alisha Saunders,233
Travis Chandler DDS,234
Russell Austin,235
Collin Cameron,236
Elizabeth Hernandez,237
William Russell,238
Sheri Berg,239
Anthony Barnett,240
Kaitlyn Flores,241
Rebecca Owen,242
Michael Bell,243
Willie Huynh,244
Samuel Hayes,245
Sherry Tran,246
Heather Gray,247
Benjamin Meadows,248
Micheal Graham,249
Jean Jackson,250
Timothy Murphy,251
Mrs. Jennifer Lewis,252
Bryan Brown,253
Christopher Johnson,254
Christina Conner,255
Luis Luna,256
Julie Chavez,257
Richard Blair,258
Mitchell Lester,259
Mr. John Tyler PhD,260
Juan Kelly,261
Morgan Mccarthy,262
Morgan Sullivan,263
Eric Clark,264
Mark Padilla,265
Anthony Lane,266
Jeffrey Henderson,267
Michelle Hardy,268
Ms. Barbara Cervantes,269
Steven Proctor,270
Shannon Patterson,271
William Valdez,272
Laura Yu,273
Jonathan Mcmillan,274
Austin Davis,275
Mark Roy,276
Jillian Williams,277
Rebekah Carter,278
Jonathan Reed,279
Roger Harris,280
Louis Jimenez,281
Jessica Jones,282
Renee Gomez,283
Connie Olson,284
Christian Jones,285
Matthew Kelley,286
Candace Martinez,287
Jacob Mann,288
Keith Reese,289
Aaron Jones,290
Christopher Brooks,291
Charles Moore,292
Manuel Walls,293
Darren Moore,294
Stephanie Thomas,295
Kristy Hernandez,296
Randy Johnson,297
James Benitez,298
Donald York,299
Tiffany Parker,300
Melissa Mcknight,301
Mr. Jack Mercado,302
Rachel Fisher,303
Donald Moore,304
William Wu,305
Jesus Zuniga,306
Michael Gallegos,307
Robert Daniels,308
Jill Jones,309
Elizabeth Miller,310
Sabrina Clark,311
Larry Casey,312
Daniel Burns,313
James Tanner,314
Leonard Gonzalez,315
Richard Lee,316
Matthew Schroeder,317
Marcus Flores,318
Tonya Long,319
Michael Chambers,320
Kaylee Glover,321
Pamela Patterson,322
Ronald Mckinney,323
James Hart,324
Rhonda Harris,325
Randy Fisher,326
James Hernandez,327
Brenda Murphy,328
Andrew Kirby,329
Justin Thomas,330
Jillian Johnson MD,331
William Martin,332
Mark Dixon,333
Alicia Allen,334
Cynthia Meyer,335
Brandon Norton,336
Christina Scott,337
Andrew Macias,338
Alejandro Williams,339
Mark Rodriguez,340
Sarah Montgomery,341
Marisa Prince,342
James Bonilla,343
Robin Myers,344
Nancy Sanchez,345
Sydney Walls,346
Deborah Hoffman,347
Shane Clark,348
Steven Haynes,349
Kimberly Fuller,350
Angela Lyons,351
Betty Tucker,352
Brianna Hunt,353
Cathy Clark,354
Nicole Warren,355
Richard Castaneda,356
Sarah Torres,357
Vanessa Deleon,358
Richard Lyons,359
Eric Adams,360
Chad Brown,361
Kayla Becker,362
Ashley Freeman,363
Scott Harris,364
John James,365
Jesse Bond,366
Brandon Hughes,367
Lynn Reynolds,368
Ronald Good,369
Kyle Baker,370
Michael Rivera,371
Lori Adkins,372
Luis Warner,373
Donald Perry,374
Adam Stevens,375
Kimberly Johnson,376
Kelly Jones,377
Ashley Petty,378
Crystal Ross,379
Alexis Duffy,380
Stephanie Sanchez,381
Reginald Espinoza,382
Sandra Hicks,383
Olivia Orozco,384
Larry Moore,385
Mrs. Rachel Cannon DDS,386
Daniel Flowers,387
Randy Acosta,388
Deborah Williams,389
Robert Michael,390
Danny Ramirez,391
Stephen Baker,392
Jeffrey Wilcox,393
James Clarke,394
Julia Gallagher,395
Ronald Frey Jr.,396
Megan Charles,397
Amy Duran MD,398
Christopher Thomas,399
Peter Castro,400
Steven Acosta,401
Lindsay Jackson,402
Kelly Smith,403
Sabrina Hartman,404
Cynthia Smith,405
Olivia Dickerson,406
Whitney Stout,407
Stephanie Flores,408
Gregory English,409
Natalie Maxwell,410
Tina Blake,411
Clarence Cooke,412
Tamara Guzman,413
Marissa Hartman,414
Sara Garcia,415
Kathryn Rogers,416
Kyle Dickson,417
Jacob Decker,418
Aaron Johnson,419
William Morse,420
Carrie Smith,421
Vincent Roth,422
Andrew Benson,423
Jason Wilson,424
Colin Patterson,425
Eric Bates,426
Steven Keith,427
Seth Rodriguez,428
Lauren Jones,429
Thomas Wallace,430
Mr. Daniel Wilson,431
Julie Smith MD,432
Carol Mitchell,433
John Thompson,434
Debra Rodriguez,435
Erin Vasquez,436
Clayton Lara,437
Tony Ray,438
Steven Frey,439
Stephanie Leonard,440
Crystal Chambers,441
Robert White,442
Sylvia Barron,443
Marcus Brown,444
Annette Pierce,445
Donald Hernandez,446
Megan Davis,447
Robert Brooks,448
Miguel Alvarez,449
Jennifer Arnold,450
Jessica Blankenship,451
Peggy Campos,452
Craig Ortega,453
Johnny Simon,454
Keith Brooks,455
Jason Martinez,456
Steven Herrera,457
Beverly Lamb,458
Michael Williams,459
Zachary Carpenter,460
Timothy Baker,461
Adam James,462
Katrina Wood,463
James Murray,464
Mr. Nathaniel Reeves,465
Jodi Wood,466
Dr. Thomas Peterson,467
Mario Hall,468
Justin Rosales,469
Autumn Lee,470
Victoria Duran,471
Barry Garcia,472
Dawn Webb,473
Patricia Sanford,474
William Walters,475
Emma Scott,476
Sabrina Buckley,477
Robert Rojas,478
Eric Johnson,479
Heather Parker,480
Thomas Matthews,481
Kimberly Beard,482
Lydia Donovan,483
Edward Johnson,484
Ricky Smith,485
Mr. Ralph Garcia Jr.,486
Malik Walker,487
Tanya Walker,488
Sherri Ferguson DVM,489
Kristin Hart,490
Jim Johnson,491
David Hamilton,492
Michael Jimenez,493
Angela Norman,494
Denise Mcdaniel,495
Matthew Huff,496
Linda Little,497
Kerri Andrews,498
Jeffrey Johnson III,499
Daniel Dixon,500
Tiffany Robinson,501
Mr. Gregg Sawyer,502
John Silva,503
Nathan Moss,504
Donald Medina,505
Charles Henderson,506
Brenda Davis,507
Leah Calderon,508
Brandi Vasquez,509
Debra Richards,510
Tammy Day,511
Sheila Clay,512
Nicholas Flores,513
Jasmin Jones,514
Matthew Gardner,515
Joseph Perkins,516
Ashley Adams MD,517
Cheryl Stevens,518
Jorge George,519
Ann Mooney,520
James Mendoza,521
Kaitlin Garrison,522
Jeremy Jackson,523
Dale Craig,524
Joseph Hooper,525
Alexander Adams,526
Ashlee Mills,527
Brittany Jenkins,528
Eddie Gonzales,529
Edward Valencia,530
Emma Bruce,531
Carl Wade DDS,532
Brandon Alvarado,533
Jennifer Clark,534
David Johnson,535
April Marquez,536
Joseph Guerrero,537
Michael Hanson,538
William Hill,539
Kelsey Huber,540
Hailey Chandler,541
Cheyenne Rose,542
Richard Petersen,543
Kathryn Gray,544
Victor Collins,545
Jason Hernandez,546
Jacob Torres,547
Erin Hernandez,548
Jacob Guzman,549
Mike Armstrong,550
Cindy Rowland,551
Kenneth Matthews,552
Susan Valdez,553
Stephanie Manning,554
Logan Galloway,555
Christopher Stone,556
Megan Pitts,557
Richard Gardner,558
Samuel Moore,559
Robert Stokes,560
Danielle Ramirez,561
Taylor White,562
Jordan Krause,563
Kimberly King,564
Sharon Russell,565
Kevin Cooper,566
Darrell Ramos,567
Dr. Terry Alvarado,568
Kathy Wilson,569
Brandon Le,570
Mary Wright,571
Douglas Reynolds,572
Leroy Harris,573
Ricardo Dixon,574
Debra Smith,575
Jasmine James,576
Felicia Morton,577
Sylvia Jenkins,578
Elizabeth White,579
Steven Steele,580
Amanda Ramirez,581
Kyle Jackson,582
Sharon Wilkins,583
Austin Hammond,584
Jessica Barajas,585
Jamie Jimenez,586
James Carter,587
John Williams,588
Alicia Oneill,589
Rebecca Huff,590
Diana Scott,591
Brian Young,592
Susan Wright,593
Kayla Banks,594
Zachary Pierce,595
Nicolas Owen,596
Martha Carney,597
Francisco Hicks,598
Matthew Parker,599
Paul Bryant,600
Bruce Dennis,601
Joseph Bates,602
Kelly Pacheco,603
Jeffrey Weber,604
Andrew Krueger,605
Kathleen Cox,606
Jamie Bradley,607
Robert Martinez,608
Christopher Rogers,609
Roberto Parrish,610
Amber Kennedy,611
Maria Davis,612
Terry Gilbert,613
Devon Schmitt,614
Robert Mosley,615
Paul Scott,616
Kristin Alvarez,617
Kevin Jackson,618
Mrs. Lauren Potter DDS,619
Jason Brown,620
Jamie Santos,621
James Taylor,622
Alicia Vincent,623
Kenneth Adams,624
Shelby Browning,625
Johnny Hill,626
Nicholas Tucker,627
Theresa Cline,628
Christine Wheeler,629
Carlos Wells,630
Randall Bell,631
Kendra Mckinney,632
Amanda Kim,633
Megan Morgan,634
Vincent Kramer,635
Raymond Bean,636
Reginald Hebert,637
Jeremy Vazquez,638
Michael Stewart,639
Kevin Johnson,640
Tara Hughes,641
Sandra Perkins,642
Heather Bell,643
Nancy Boyd,644
Raymond Reyes,645
Cassandra Jordan,646
Evelyn Harris,647
Shannon Maynard,648
Marie James,649
Maria Carroll,650
Jessica Sloan,651
Scott Craig,652
Kaitlin Brown,653
William Beck,654
Eric Mason,655
Lisa Lowe,656
Roy Miller,657
Christopher Espinoza,658
Claire Cole,659
Eric Nunez,660
David Bell,661
Patrick Hensley MD,662
John Cox,663
Michelle Sullivan,664
Angela Todd,665
Luke Saunders,666
Dr. Jennifer Benton DVM,667
Keith Smith,668
Danielle Mitchell,669
Jesus Hernandez,670
Jason Norman,671
Laura Poole,672
Sarah Wagner,673
Bryan Baird,674
Amy Thompson,675
Ashley Wright,676
Michelle Lynch,677
Ryan Hale,678
Marie Jefferson,679
Vanessa Smith,680
Ryan Foster,681
David Lara,682
Jonathan Young,683
Debra Townsend,684
John Thomas,685
Bryan Anderson,686
Sarah Miller,687
Robert Hill,688
Joshua Rojas,689
Angelica Lewis,690
Jessica Russell,691
Mary Johnson,692
Joseph Knight,693
Jessica Greene,694
Vincent Perez,695
Dennis Rivera,696
Nancy Keller,697
Michelle Anderson,698
Anthony May,699
Michelle Guerra,700
Meghan Ballard,701
Brian Wheeler,702
William Rosario,703
Jessica Hunt,704
Tony Chavez,705
Mary Crawford,706
Roger Morrison,707
Bethany Harrison,708
Lisa Mcintyre,709
Carolyn Gonzalez,710
Christina Oconnell,711
James Garcia,712
Emily Frederick,713
Shawn Wise,714
Carrie Alvarez,715
Matthew James,716
Jerry Alvarado,717
Paul Zimmerman,718
Carl Ryan,719
Kelly Roberts,720
Jack Woods,721
Albert Alexander Jr.,722
Teresa Perez,723
Amanda Williams,724
Kristen Lawson,725
Jacob Stewart,726
Daniel Brooks,727
Aaron Dunn,728
Jacob Martinez,729
Raymond Burgess,730
Jennifer Cooke,731
Tyrone White,732
Charles Williams,733
Amy Page,734
Scott Gibbs,735
Angela Roberts,736
Kyle Hernandez,737
Cynthia Ferguson,738
Brandi Garcia,739
Matthew Blake,740
Lauren Howell,741
Joseph Wilson,742
Tanner Vance,743
Michael Nash,744
Brent Thomas,745
Harold Mitchell,746
Ashley Palmer,747
Stephen Hogan,748
George Ashley,749
Sara Bailey,750
Tanya Thomas MD,751
Maria Galvan,752
Duane Kelly,753
Frank Reynolds,754
Aaron Kim,755
David Allen,756
Monica Lee,757
Erica Scott,758
Melissa Mitchell,759
Joshua Murray,760
John Jones,761
Cheryl Johnson,762
Lisa Farmer,763
Christopher Walker,764
Elizabeth Coffey,765
Joseph Clark,766
Jamie Brewer,767
Lauren Boyer,768
Howard Esparza,769
James Hickman,770
Jennifer Hernandez,771
Shannon Warren,772
Ashley Aguilar,773
Daniel Price,774
James Perez,775
Jerry Smith,776
Andre Fernandez,777
Anthony West,778
Amber Flowers,779
Patricia Davis,780
Jasmine Gibbs,781
Nicole Dudley,782
Lori Colon,783
William Carr,784
Jeffrey Dixon,785
Robert Sexton,786
Brooke Gonzalez,787
Victoria Bryant MD,788
Nancy Kennedy,789
Andrew Barry,790
Carlos Wheeler,791
Isabella Roach,792
Samantha Williams,793
Samuel Little MD,794
Paul Taylor,795
Susan Baker,796
Mark Fry,797
Megan Mclean,798
Caitlin Hunt,799
Jenna Holland,800
Stephanie Oconnell,801
Andrea Hill,802
