customer_id,customer_name
1,David Padilla
2,Connor Morgan
3,Robert Stone
4,John Fields
5,Clayton Smith
6,Richard Kelley
7,Jacqueline Hubbard
8,Jessica Anderson
9,Mary Taylor
10,Walter Crawford
11,Lawrence Robinson
12,Douglas Pennington
13,Ricardo Andrews
14,Paul Raymond
15,Karen Johnson
16,Juan Erickson
17,Alexander Reed
18,Jacqueline Harris
19,Tyler Park
20,Richard Wolfe
21,Sierra Rios
22,Jessica Richardson
23,Kimberly Warren
24,Casey Garcia
25,Denise Hampton
26,Justin Rodriguez
27,Ms. Emily Baxter
28,Austin White
29,Morgan Montes
30,Christine Mosley
31,Ashley Rodriguez
32,Elizabeth King
33,Connie Holmes
34,Melissa Peck
35,David Smith
36,Heather Jenkins
37,Kelsey Castaneda
38,Katherine Harris
39,Paul Rogers
40,Jon Banks
41,Michelle Williams
42,Andrew Allen
43,Vanessa Bauer
44,Sean Smith
45,Shelly Sweeney
46,Emily Gill
47,Brian Patrick
48,Dr. Sarah Booth
49,Douglas Mcfarland
50,Kayla Ross
51,Marc Strickland
52,Charlene Brown
53,Charles Smith
54,Karen Townsend
55,Steven Cox
56,Cynthia Rodriguez
57,Jessica Baker
58,Mark Blackburn
59,Zachary Perez
60,Brian Green
61,Becky Leach
62,Bryan Russell
63,Tony Maddox
64,Jason Randolph
65,Laura Andrews
66,Mrs. Stephanie Hooper
67,Anthony Evans
68,Patrick Williams
69,Susan Burke
70,Brent Hernandez
71,Sean Elliott
72,Wanda West
73,Renee Solomon
74,Daryl Miles
75,Michael Hunt
76,Adam Clark
77,Amy Olsen
78,Stacey Miller
79,Daniel Mosley
80,Monica Gibson
81,Christopher Jordan
82,Christina Davis
83,Claudia Curry
84,Brandon Anderson
85,George Foster
86,Nicholas Anderson
87,Emily Ellison
88,Darren Perez
89,Michelle Hunter
90,Janet Guerrero
91,Jeffrey Kline
92,Ryan Bullock
93,Tom Lawson
94,Rebecca Smith
95,William Welch
96,Mr. Curtis Bailey
97,Janet Carlson
98,Spencer Spears
99,Jeffrey Middleton
100,Veronica Kelley
101,Leslie Bean
102,Amy Wilson
103,Susan Ramirez
104,Jacob Meyer
105,Scott Lewis
106,Eric Griffith
107,Anna Ferguson
108,David Figueroa
109,Theresa Medina
110,Mary Smith
111,Lance Cain
112,Alexandra Moran
113,Sara Castro
114,Shawn Leach
115,Mark Boyle
116,John Stevens
117,Lisa Graham
118,Nancy Jones
119,Darryl Robbins
120,Kimberly Smith
121,Maria Thomas
122,Nicholas Johnson
123,Dawn Howard
124,Jennifer Marshall
125,Frank Garcia
126,Terri Madden
127,James Gutierrez
128,Morgan Sellers
129,Caitlin Thomas
130,Kimberly Greene
131,Tammy Anthony
132,Jennifer Chase
133,Cassandra Farley
134,Justin Vasquez
135,Melissa Morales
136,Tyler Thompson
137,Heidi Davis
138,Charles Lane
139,Joyce Good MD
140,Maria Miller
141,Terry Mcdaniel
142,Lisa Jacobs
143,Jeff Duncan
144,Pamela Jones
145,Renee Robinson
146,Jessica Kidd
147,Nicholas Martin
148,David Brown
149,Amber Moore
150,James Williams
151,Karina Barr
152,Meghan Rush
153,Bianca Brown
154,Timothy Jensen
155,Melinda Montoya
156,Tammy Bell
157,Connie Richards
158,Peter Ward
159,Jonathan Alvarez
160,Becky Hodges
161,Larry Hill
162,Amber Moon
163,Cynthia Wilcox
164,Rebecca Wright
165,Sarah Flores
166,Carol Norman
167,Stephanie Gardner
168,Philip Baker
169,Randall Dennis
170,Suzanne Cross
171,Jasmine Delgado
172,Kristen Harper
173,Kaitlyn Graham MD
174,Dean Avila
175,Megan Mack
176,Heather Johnson
177,Tina Davies
178,Matthew Harris
179,Christopher Kirk
180,Eric Stevens
181,James Dickerson
182,James Jones
183,Hannah Hendricks
184,Brett Mullins
185,Ms. Kim Jordan
186,Marcus Santiago
187,Jill Perez
188,Courtney Williams
189,Jordan Hahn
190,William Cook
191,Stephanie Hayes
192,Melissa Wise
193,Elizabeth Gonzalez
194,Mr. Eric Lopez
195,Benjamin Higgins
196,Brett Sutton
197,Anna Blackburn
198,Michelle Bailey
199,Sara Peterson
200,Katherine Williams
201,Cory Evans
202,Michael Rodriguez
203,John Munoz
204,David Clark
205,April Welch
206,Alan Livingston
207,Angela Jackson
208,Amy Williams
209,Laura Jordan
210,Richard Maynard
211,Lawrence Oliver
212,Anthony Williams
213,Lynn Matthews
214,Andrew Griffin
215,Megan Williams
216,Alison Martin
217,Samuel Wallace
218,Manuel Stark
219,William Villarreal
220,Brandon Kirk
221,Abigail Brown
222,Kristine Carter
223,Wesley Deleon
224,Laura Cole
225,Lauren Harris
226,Cameron Miller
227,Jacob Carpenter
228,Pamela Callahan DVM
229,William Ruiz
230,Paula Marshall
231,Natalie Cox
232,Andrew Fernandez
233,Alisha Saunders
234,Travis Chandler DDS
235,Russell Austin
236,Collin Cameron
237,Elizabeth Hernandez
238,William Russell
239,Sheri Berg
240,Anthony Barnett
241,Kaitlyn Flores
242,Rebecca Owen
243,Michael Bell
244,Willie Huynh
245,Samuel Hayes
246,Sherry Tran
247,Heather Gray
248,Benjamin Meadows
249,Micheal Graham
250,Jean Jackson
251,Timothy Murphy
252,Mrs. Jennifer Lewis
253,Bryan Brown
254,Christopher Johnson
255,Christina Conner
256,Luis Luna
257,Julie Chavez
258,Richard Blair
259,Mitchell Lester
260,Mr. John Tyler PhD
261,Juan Kelly
262,Morgan Mccarthy
263,Morgan Sullivan
264,Eric Clark
265,Mark Padilla
266,Anthony Lane
267,Jeffrey Henderson
268,Michelle Hardy
269,Ms. Barbara Cervantes
270,Steven Proctor
271,Shannon Patterson
272,William Valdez
273,Laura Yu
274,Jonathan Mcmillan
275,Austin Davis
276,Mark Roy
277,Jillian Williams
278,Rebekah Carter
279,Jonathan Reed
280,Roger Harris
281,Louis Jimenez
282,Jessica Jones
283,Renee Gomez
284,Connie Olson
285,Christian Jones
286,Matthew Kelley
287,Candace Martinez
288,Jacob Mann
289,Keith Reese
290,Aaron Jones
291,Christopher Brooks
292,Charles Moore
293,Manuel Walls
294,Darren Moore
295,Stephanie Thomas
296,Kristy Hernandez
297,Randy Johnson
298,James Benitez
299,Donald York
300,Tiffany Parker
301,Melissa Mcknight
302,Mr. Jack Mercado
303,Rachel Fisher
304,Donald Moore
305,William Wu
306,Jesus Zuniga
307,Michael Gallegos
308,Robert Daniels
309,Jill Jones
310,Elizabeth Miller
311,Sabrina Clark
312,Larry Casey
313,Daniel Burns
314,James Tanner
315,Leonard Gonzalez
316,Richard Lee
317,Matthew Schroeder
318,Marcus Flores
319,Tonya Long
320,Michael Chambers
321,Kaylee Glover
322,Pamela Patterson
323,Ronald Mckinney
324,James Hart
325,Rhonda Harris
326,Randy Fisher
327,James Hernandez
328,Brenda Murphy
329,Andrew Kirby
330,Justin Thomas
331,Jillian Johnson MD
332,William Martin
333,Mark Dixon
334,Alicia Allen
335,Cynthia Meyer
336,Brandon Norton
337,Christina Scott
338,Andrew Macias
339,Alejandro Williams
340,Mark Rodriguez
341,Sarah Montgomery
342,Marisa Prince
343,James Bonilla
344,Robin Myers
345,Nancy Sanchez
346,Sydney Walls
347,Deborah Hoffman
348,Shane Clark
349,Steven Haynes
350,Kimberly Fuller
351,Angela Lyons
352,Betty Tucker
353,Brianna Hunt
354,Cathy Clark
355,Nicole Warren
356,Richard Castaneda
357,Sarah Torres
358,Vanessa Deleon
359,Richard Lyons
360,Eric Adams
361,Chad Brown
362,Kayla Becker
363,Ashley Freeman
364,Scott Harris
365,John James
366,Jesse Bond
367,Brandon Hughes
368,Lynn Reynolds
369,Ronald Good
370,Kyle Baker
371,Michael Rivera
372,Lori Adkins
373,Luis Warner
374,Donald Perry
375,Adam Stevens
376,Kimberly Johnson
377,Kelly Jones
378,Ashley Petty
379,Crystal Ross
380,Alexis Duffy
381,Stephanie Sanchez
382,Reginald Espinoza
383,Sandra Hicks
384,Olivia Orozco
385,Larry Moore
386,Mrs. Rachel Cannon DDS
387,Daniel Flowers
388,Randy Acosta
389,Deborah Williams
390,Robert Michael
391,Danny Ramirez
392,Stephen Baker
393,Jeffrey Wilcox
394,James Clarke
395,Julia Gallagher
396,Ronald Frey Jr.
397,Megan Charles
398,Amy Duran MD
399,Christopher Thomas
400,Peter Castro
401,Steven Acosta
402,Lindsay Jackson
403,Kelly Smith
404,Sabrina Hartman
405,Cynthia Smith
406,Olivia Dickerson
407,Whitney Stout
408,Stephanie Flores
409,Gregory English
410,Natalie Maxwell
411,Tina Blake
412,Clarence Cooke
413,Tamara Guzman
414,Marissa Hartman
415,Sara Garcia
416,Kathryn Rogers
417,Kyle Dickson
418,Jacob Decker
419,Aaron Johnson
420,William Morse
421,Carrie Smith
422,Vincent Roth
423,Andrew Benson
424,Jason Wilson
425,Colin Patterson
426,Eric Bates
427,Steven Keith
428,Seth Rodriguez
429,Lauren Jones
430,Thomas Wallace
431,Mr. Daniel Wilson
432,Julie Smith MD
433,Carol Mitchell
434,John Thompson
435,Debra Rodriguez
436,Erin Vasquez
437,Clayton Lara
438,Tony Ray
439,Steven Frey
440,Stephanie Leonard
441,Crystal Chambers
442,Robert White
443,Sylvia Barron
444,Marcus Brown
445,Annette Pierce
446,Donald Hernandez
447,Megan Davis
448,Robert Brooks
449,Miguel Alvarez
450,Jennifer Arnold
451,Jessica Blankenship
452,Peggy Campos
453,Craig Ortega
454,Johnny Simon
455,Keith Brooks
456,Jason Martinez
457,Steven Herrera
458,Beverly Lamb
459,Michael Williams
460,Zachary Carpenter
461,Timothy Baker
462,Adam James
463,Katrina Wood
464,James Murray
465,Mr. Nathaniel Reeves
466,Jodi Wood
467,Dr. Thomas Peterson
468,Mario Hall
469,Justin Rosales
470,Autumn Lee
471,Victoria Duran
472,Barry Garcia
473,Dawn Webb
474,Patricia Sanford
475,William Walters
476,Emma Scott
477,Sabrina Buckley
478,Robert Rojas
479,Eric Johnson
480,Heather Parker
481,Thomas Matthews
482,Kimberly Beard
483,Lydia Donovan
484,Edward Johnson
485,Ricky Smith
486,Mr. Ralph Garcia Jr.
487,Malik Walker
488,Tanya Walker
489,Sherri Ferguson DVM
490,Kristin Hart
491,Jim Johnson
492,David Hamilton
493,Michael Jimenez
494,Angela Norman
495,Denise Mcdaniel
496,Matthew Huff
497,Linda Little
498,Kerri Andrews
499,Jeffrey Johnson III
500,Daniel Dixon
501,Tiffany Robinson
502,Mr. Gregg Sawyer
503,John Silva
504,Nathan Moss
505,Donald Medina
506,Charles Henderson
507,Brenda Davis
508,Leah Calderon
509,Brandi Vasquez
510,Debra Richards
511,Tammy Day
512,Sheila Clay
513,Nicholas Flores
514,Jasmin Jones
515,Matthew Gardner
516,Joseph Perkins
517,Ashley Adams MD
518,Cheryl Stevens
519,Jorge George
520,Ann Mooney
521,James Mendoza
522,Kaitlin Garrison
523,Jeremy Jackson
524,Dale Craig
525,Joseph Hooper
526,Alexander Adams
527,Ashlee Mills
528,Brittany Jenkins
529,Eddie Gonzales
530,Edward Valencia
531,Emma Bruce
532,Carl Wade DDS
533,Brandon Alvarado
534,Jennifer Clark
535,David Johnson
536,April Marquez
537,Joseph Guerrero
538,Michael Hanson
539,William Hill
540,Kelsey Huber
541,Hailey Chandler
542,Cheyenne Rose
543,Richard Petersen
544,Kathryn Gray
545,Victor Collins
546,Jason Hernandez
547,Jacob Torres
548,Erin Hernandez
549,Jacob Guzman
550,Mike Armstrong
551,Cindy Rowland
552,Kenneth Matthews
553,Susan Valdez
554,Stephanie Manning
555,Logan Galloway
556,Christopher Stone
557,Megan Pitts
558,Richard Gardner
559,Samuel Moore
560,Robert Stokes
561,Danielle Ramirez
562,Taylor White
563,Jordan Krause
564,Kimberly King
565,Sharon Russell
566,Kevin Cooper
567,Darrell Ramos
568,Dr. Terry Alvarado
569,Kathy Wilson
570,Brandon Le
571,Mary Wright
572,Douglas Reynolds
573,Leroy Harris
574,Ricardo Dixon
575,Debra Smith
576,Jasmine James
577,Felicia Morton
578,Sylvia Jenkins
579,Elizabeth White
580,Steven Steele
581,Amanda Ramirez
582,Kyle Jackson
583,Sharon Wilkins
584,Austin Hammond
585,Jessica Barajas
586,Jamie Jimenez
587,James Carter
588,John Williams
589,Alicia Oneill
590,Rebecca Huff
591,Diana Scott
592,Brian Young
593,Susan Wright
594,Kayla Banks
595,Zachary Pierce
596,Nicolas Owen
597,Martha Carney
598,Francisco Hicks
599,Matthew Parker
600,Paul Bryant
601,Bruce Dennis
602,Joseph Bates
603,Kelly Pacheco
604,Jeffrey Weber
605,Andrew Krueger
606,Kathleen Cox
607,Jamie Bradley
608,Robert Martinez
609,Christopher Rogers
610,Roberto Parrish
611,Amber Kennedy
612,Maria Davis
613,Terry Gilbert
614,Devon Schmitt
615,Robert Mosley
616,Paul Scott
617,Kristin Alvarez
618,Kevin Jackson
619,Mrs. Lauren Potter DDS
620,Jason Brown
621,Jamie Santos
622,James Taylor
623,Alicia Vincent
624,Kenneth Adams
625,Shelby Browning
626,Johnny Hill
627,Nicholas Tucker
628,Theresa Cline
629,Christine Wheeler
630,Carlos Wells
631,Randall Bell
632,Kendra Mckinney
633,Amanda Kim
634,Megan Morgan
635,Vincent Kramer
636,Raymond Bean
637,Reginald Hebert
638,Jeremy Vazquez
639,Michael Stewart
640,Kevin Johnson
641,Tara Hughes
642,Sandra Perkins
643,Heather Bell
644,Nancy Boyd
645,Raymond Reyes
646,Cassandra Jordan
647,Evelyn Harris
648,Shannon Maynard
649,Marie James
650,Maria Carroll
651,Jessica Sloan
652,Scott Craig
653,Kaitlin Brown
654,William Beck
655,Eric Mason
656,Lisa Lowe
657,Roy Miller
658,Christopher Espinoza
659,Claire Cole
660,Eric Nunez
661,David Bell
662,Patrick Hensley MD
663,John Cox
664,Michelle Sullivan
665,Angela Todd
666,Luke Saunders
667,Dr. Jennifer Benton DVM
668,Keith Smith
669,Danielle Mitchell
670,Jesus Hernandez
671,Jason Norman
672,Laura Poole
673,Sarah Wagner
674,Bryan Baird
675,Amy Thompson
676,Ashley Wright
677,Michelle Lynch
678,Ryan Hale
679,Marie Jefferson
680,Vanessa Smith
681,Ryan Foster
682,David Lara
683,Jonathan Young
684,Debra Townsend
685,John Thomas
686,Bryan Anderson
687,Sarah Miller
688,Robert Hill
689,Joshua Rojas
690,Angelica Lewis
691,Jessica Russell
692,Mary Johnson
693,Joseph Knight
694,Jessica Greene
695,Vincent Perez
696,Dennis Rivera
697,Nancy Keller
698,Michelle Anderson
699,Anthony May
700,Michelle Guerra
701,Meghan Ballard
702,Brian Wheeler
703,William Rosario
704,Jessica Hunt
705,Tony Chavez
706,Mary Crawford
707,Roger Morrison
708,Bethany Harrison
709,Lisa Mcintyre
710,Carolyn Gonzalez
711,Christina Oconnell
712,James Garcia
713,Emily Frederick
714,Shawn Wise
715,Carrie Alvarez
716,Matthew James
717,Jerry Alvarado
718,Paul Zimmerman
719,Carl Ryan
720,Kelly Roberts
721,Jack Woods
722,Albert Alexander Jr.
723,Teresa Perez
724,Amanda Williams
725,Kristen Lawson
726,Jacob Stewart
727,Daniel Brooks
728,Aaron Dunn
729,Jacob Martinez
730,Raymond Burgess
731,Jennifer Cooke
732,Tyrone White
733,Charles Williams
734,Amy Page
735,Scott Gibbs
736,Angela Roberts
737,Kyle Hernandez
738,Cynthia Ferguson
739,Brandi Garcia
740,Matthew Blake
741,Lauren Howell
742,Joseph Wilson
743,Tanner Vance
744,Michael Nash
745,Brent Thomas
746,Harold Mitchell
747,Ashley Palmer
748,Stephen Hogan
749,George Ashley
750,Sara Bailey
751,Tanya Thomas MD
752,Maria Galvan
753,Duane Kelly
754,Frank Reynolds
755,Aaron Kim
756,David Allen
757,Monica Lee
758,Erica Scott
759,Melissa Mitchell
760,Joshua Murray
761,John Jones
762,Cheryl Johnson
763,Lisa Farmer
764,Christopher Walker
765,Elizabeth Coffey
766,Joseph Clark
767,Jamie Brewer
768,Lauren Boyer
769,Howard Esparza
770,James Hickman
771,Jennifer Hernandez
772,Shannon Warren
773,Ashley Aguilar
774,Daniel Price
775,James Perez
776,Jerry Smith
777,Andre Fernandez
778,Anthony West
779,Amber Flowers
780,Patricia Davis
781,Jasmine Gibbs
782,Nicole Dudley
783,Lori Colon
784,William Carr
785,Jeffrey Dixon
786,Robert Sexton
787,Brooke Gonzalez
788,Victoria Bryant MD
789,Nancy Kennedy
790,Andrew Barry
791,Carlos Wheeler
792,Isabella Roach
793,Samantha Williams
794,Samuel Little MD
795,Paul Taylor
796,Susan Baker
797,Mark Fry
798,Megan Mclean
799,Caitlin Hunt
800,Jenna Holland
801,Stephanie Oconnell
802,Andrea Hill
